koi_period,koi_prad,koi_insol,koi_steff,koi_slogg
187.58278936425756,2.2587628239668867,560.3260832850167,5690.811976835592,4.357993817425389
475.3817960517531,5.648059000094403,531.6086581903996,6186.725588765489,4.708148493949979
366.1309739347968,8.792985440825879,1817.1964320160216,4001.871595169996,4.640241394685239
299.5299128564198,7.456136420890831,536.6150897065369,5499.496398427996,3.7308498570406607
78.43131090099705,8.162330904683772,580.3019659508304,5286.9839325749945,3.723874204612211
78.41926290793322,6.758441983751815,1530.8266117150292,6331.321507153085,3.9022615516173698
29.51276427801563,7.076627362919599,926.992692778553,6624.348241925042,4.041612089511556
433.15498481458013,8.567358689870533,1564.5855860626034,3048.627085909547,4.112683372112723
300.7569483657328,2.8718460841622666,177.46400725055122,5696.079676235171,4.5195458252500185
354.1822526091247,5.149537154609835,1000.7638276630994,3207.343196478916,3.585020648248753
10.781954900753322,2.601489697286221,115.54652035740114,5195.434660309424,3.5520090563390996
484.96997115491615,9.882846075968146,172.17374673794131,4150.530916174713,4.087865844415863
416.30509907981065,9.468563727022826,1817.5530340216014,4227.106398088565,4.545745538206971
106.56338578379894,0.874554708000806,321.5284736793106,4411.834013809426,3.7901530144347237
91.32157111994675,7.20296413889904,1088.2203304366733,5485.169796198441,4.462256721884378
92.11055267179019,9.289859015448826,851.6364250713777,4336.199862675077,3.8897422069104493
152.4690003582891,2.2154657787096683,727.3194862047433,5930.796202361122,4.829129163220275
262.6158376003028,5.89547969024998,1804.6750240901813,4618.109542295479,4.843534916399925
216.25653681173682,9.197138827086398,92.55562371220452,3273.4128012398346,3.94593080642199
145.96895552892192,0.822486796565089,1344.3898880423988,6135.039369936429,3.844990630944861
306.12052091382856,7.125492538844979,1928.6191467164233,4143.033298370824,4.1169559580993464
70.1771833956949,3.3248155700392323,1142.3279577505918,4731.067518397051,3.860797377770223
146.42625194334147,9.281763856077038,1876.803800964529,5741.7755328876065,4.5085757649375555
183.497740725199,9.725053329070994,151.90286460774635,4329.824628594848,4.739097026822428
228.30695711640945,9.470531646577623,866.6469721946147,3226.3426245868623,4.509638196366826
392.69539271581027,5.005035058245906,557.3076923759997,4495.684188051255,4.736525670874024
100.23705418810069,8.689405184398478,1475.1008817124232,6777.794330777214,4.095488243311211
257.360101987599,8.523219286083169,1963.529326469631,5566.937589194233,3.7344754560632913
296.41107714659023,3.5314544958109284,550.2336217662832,5685.916594668828,4.6069264210963885
23.701981153638865,8.374697004431436,1325.6404728744453,5529.128614550559,4.040711757712331
303.96865352476846,0.8515725297971799,436.29038388149326,3795.9685558377473,4.506906237843699
85.67679978180212,6.1645638455795035,1152.3939964146393,4673.3354564091205,3.9059659129726487
32.99327069614712,2.685083954233179,954.6683490422556,6003.759193453273,3.621844452210009
474.46832585804,1.6453854148841487,1945.4103927814972,3405.4915902126368,4.988872693231645
482.8332005207424,1.231055415477487,1236.6281817581098,4111.411104358849,3.7343022618958988
404.29447538417236,7.114743370842327,731.5374255692966,4105.276433863414,4.982631490945222
152.65457770209866,3.7288121557966285,272.48678053147006,4728.075710378024,4.965919898849671
49.28722094618875,7.385284329523234,344.9313160331224,6921.47496376874,4.69072715586206
342.2743967428224,1.1208852375899525,489.3680134049084,3270.010186735288,4.489134443122996
220.35617062293085,3.4952582093907982,539.3849896135811,5074.803977522381,4.3667105753766275
61.458098304967024,5.625167277565703,1708.7013127902187,3717.4587280488417,4.799152318066752
247.84086660057946,8.011870065970154,1144.3844371509235,6882.706181638976,3.9341592824292317
17.67706629705159,3.528148777854664,1070.6122771800146,3453.214018909857,4.201521818727316
454.7055408383516,6.445968076151586,273.79930014497404,4614.404009446365,4.4290849540497526
129.76060080920846,8.916788608243778,1727.272402031398,5951.539939338425,4.116785713804236
331.429881034814,6.350700287731893,1459.4878912565432,5818.217712109781,4.1412296811354015
156.19968250666076,2.713115010159521,181.9533057050031,4690.914547575729,3.9954270012531268
260.2739765783165,0.7318074247871111,1430.2784395980489,4386.096671810873,4.3463477250268046
273.5817845319682,8.765939302058834,1109.8995238181599,4590.449514211482,4.775861792022674
92.83480053500075,0.7020594030786778,209.3644242062176,4057.105052634557,3.802292567009469
484.807521568397,8.809665890499895,943.6862509808801,3821.3317548271993,4.901649558130162
387.6788452688767,5.524902773258514,995.1577599035916,4932.15879023556,4.533631480622344
469.77972131131247,9.421143135872514,373.26035331838773,4074.1350242704293,4.734909819020045
447.4662615386106,8.08844073984982,1894.1113866505505,4149.846659589,4.3342860389450175
299.15103941613705,9.980374050066706,1707.4519743872909,5627.024253898228,4.669275052136095
460.9761803940469,3.8317622467912464,1354.5935577917612,6874.149326799568,3.524300596009201
44.70200477493379,7.788288744845706,951.476343951184,5414.5488022375,4.727570637169302
98.39343977836303,4.318343679287801,852.9428060897916,3307.917868259865,3.5602082886280497
23.091030810813763,5.058818392887134,1319.3982609443606,3302.3344554162677,4.834870064544294
163.00250021625052,6.461301900574516,1113.5921453434657,6805.692883382264,4.987944120857965
194.64430619989625,8.799932584770218,171.43255646967697,4189.163161229335,3.9411011932651667
136.038841371061,9.848792957393304,1049.3801651021467,3368.2679443299016,3.8154778344286906
414.4543858213887,7.798597431712923,1622.487053604037,5396.1783486015265,4.648045045787061
178.69828668344783,4.468784430589671,945.5177613140683,5494.595113161065,3.8795395113803797
140.82678758884668,4.502891521632167,151.31532623082342,5594.019280474753,4.798343574758305
271.5766935375451,7.507031865094469,1583.2424887988645,4069.608111430165,3.654263888236215
70.89165037489394,2.7683828847988723,442.65937516515004,3060.4427368579,3.6889327945690376
401.19739188664283,1.5495040747482491,554.3106280316756,6860.061477817888,4.968727332650923
37.73804651804553,3.868910497587377,371.177389192977,4003.57218276441,4.510758347405007
493.4500248319584,3.2287704207137766,693.9193764994202,5704.10515221019,4.77033083664343
386.2362622636804,3.314927144331906,1525.6654360928383,5826.519479514838,3.986494066027277
99.75848292631912,2.7192736349741446,1062.8024260326779,5440.029668317942,4.514725624280906
3.2582975032393984,0.8998853015454379,449.51848459388947,4251.629576854593,4.3913627409628955
407.8229835131897,0.6698023799674312,1761.7686523964796,4084.385015056263,4.40472518018442
353.57524325188473,9.883362702492299,1765.1846171554819,5390.673130810812,4.523798689306583
364.63908043647314,4.563844770490692,1747.6279288397134,6464.382534446766,4.363038759693648
385.7495381696299,4.1511031480169756,515.6526121940017,6786.934915693582,4.143593553953999
37.48530354117813,6.956649185584164,929.9167211529268,3423.6232176150306,3.91388404157082
179.55363140786417,2.5734119347181097,1970.7298294747063,3619.3144503908793,4.652871996369803
58.376595232802295,9.524631247527141,1555.4243288044813,6778.9450351323185,3.839408645004779
431.620161224859,7.970277636947745,102.97647138984163,5946.14091333917,4.5385314592316215
311.8374143503652,1.3494045219664654,177.1489529579595,6531.975299319092,3.84999923397399
165.78356341389826,4.467017369956819,954.6661847840489,3810.5305365413724,4.437995254931681
32.247395967868805,8.851623921840565,1822.9794014300423,5350.343484437608,4.620617400693543
155.83566969697327,9.474954211768397,1100.4685060077927,5804.558377669895,3.828070833359809
162.92906935236016,4.940314356873762,1020.7343906668659,5720.447541787891,3.5899149512919624
364.938286079863,6.327408197501724,255.67371491542963,4632.6067634667925,3.696460614491261
318.95995694192897,2.0868224878747146,1330.7212042123733,3061.5795667652337,4.408995450906538
443.6627649168751,9.916101948301277,1653.1011631704396,5331.704227217053,4.774169609338603
236.37135511839367,2.700881163142712,791.8190146397466,4012.406156718435,3.5674952318531368
60.2373258461817,9.455951854283693,1562.4431093043886,4801.016984571561,4.601226888562469
356.765771217886,6.671643165427501,1930.7294751065826,6830.32406033527,4.011977968925078
380.51213178414025,6.273499551349162,447.34459529899374,4596.1412705697385,4.217792554879284
280.85796018596335,5.370540854656832,1070.4927808297455,6359.206426657707,4.893289324768348
385.59810638730323,2.6913632113187074,609.9190182649223,3754.162422997005,3.997957257103768
247.15090038401317,2.1770163040523283,1596.0661171159868,5689.841992100115,4.19800540090923
261.60504827630604,2.5946189861666658,1176.3070634682572,6908.027817755774,3.5205236221410217
214.05673867009554,2.2711634903704176,1287.4357142230924,3407.572403491747,3.6223980800072577
13.196853808675547,7.906052498884156,1605.9326112509934,3033.279768908768,3.887887386702176
54.39176778315557,3.826189962083936,822.142421691787,4734.331170530458,3.5417783612316116
16.19887825052376,1.0495054273522655,1834.4256333937342,3370.5019322054686,4.447062989072377
318.3870004262583,9.706474986337708,1089.406291129973,5993.537398704926,4.139597535202434
157.52081254762518,8.895965907152544,358.0119045289286,6658.194655394236,4.322217804092033
254.53106023676904,9.313646690354524,1407.0032804291648,4736.083890835035,3.7619707788444945
453.82945372608344,9.951624315141135,1596.859633354596,4034.846568621764,3.943898044154924
125.02146845986303,2.1520048675851293,667.685270281677,4737.613276026439,4.495736712279088
205.48627005629706,4.264299179575258,1721.4995511475684,5893.791271400004,4.9479540854456
377.8977937022528,7.703265519188867,1816.9793467932445,3036.216646321484,3.575625160403314
114.78468366306542,7.112195871511026,589.9637503867274,5357.815957938788,4.835576481282899
38.9514649594821,1.962011110228623,1967.866871794683,5453.166739549516,4.365321801966813
145.23085073042714,8.250414687410869,324.3874796950789,5550.752987583743,4.345879350133435
81.03003298337521,2.632185432448276,443.93055338485544,3968.0883199235086,4.250417802811641
464.8839773451152,2.6262673408149193,409.238436514151,5856.210893512507,3.604091128856275
404.1561295924263,5.601257017487429,1793.2799345153473,3365.5659453271055,3.634815277604241
316.8851763769565,6.13292938099618,1325.8704770336756,3797.0813458672033,4.401368008488629
435.794564798765,6.010818974459206,346.6033522834321,6509.880186617927,4.011437857153338
401.93420241110766,1.3691249552786713,908.6306658182805,5954.892602906266,4.875902099866521
93.6917444135749,8.835878194988613,1249.8311488861139,3054.982216045381,4.109885806039208
446.3332197457439,3.0232004045927074,212.75496572929742,3993.505041479201,3.714922188053962
269.9014498368675,1.7303917521866397,1770.7119183943105,3857.6259319726582,4.572078250253054
403.81635750444923,8.943106758755283,1617.0268941109937,4083.2253121478902,3.9400301321615148
448.0976043117849,9.578689233182658,1035.1532084744445,3990.2390811195455,4.28820546103384
159.34273574844602,8.69021236402178,1935.8968997553823,3250.105182971383,4.546749178257755
55.47093630157454,8.190402709886342,864.6339095864444,4835.762066387281,4.8503961668031055
114.35361368969987,6.724798816070706,1969.0151221211706,5930.93389914466,4.688286792202514
213.84034041881503,5.733145020786823,1352.4439976670728,5426.926898869746,4.514541601809086
409.0983755782853,1.3263742191583963,1287.608982845186,5691.486674392319,4.519449773592715
430.4349263365435,4.3803055241716375,373.61204582678073,3324.5967141449564,4.91888696604813
3.9725892003297565,4.040540911616983,1769.7591286940558,6805.962840707149,3.943736146244804
255.6182776374941,2.967660945723099,883.6048914451995,6353.967335372099,3.501668141294281
208.9967960728151,7.372491080041557,366.35514127583474,6220.361273982651,3.907931839097298
111.44285133012976,5.210819483248323,74.58466395273012,6291.93522016707,3.826837069440116
60.37275098317456,1.2699390511226554,1141.5235830948461,6730.842032531045,4.492751877670997
169.13877811611218,2.591740418523208,1078.4292631392188,5177.015864454791,4.4505673996482935
471.4833971043033,6.990958254766161,1452.7395636198592,3801.1280714705035,4.390192074057086
161.93986454436723,1.2232431651578517,1786.0032033847142,5467.134431410164,3.5243651648141805
259.6359155608114,8.586465683463302,204.84284005390757,5971.525974671757,4.593167081675971
351.65796996814134,5.203892006632756,1476.4181561637065,5951.669573416102,3.9852956187282373
182.13298638845734,5.065572484603156,415.4532909902853,5085.79609666752,4.497583983509947
485.90515031911985,6.127873954265417,1723.4452536564697,3273.8348773343123,4.33486764275323
481.24242382358455,8.334469176288916,1647.1738520302295,4484.451753720511,4.01409638814186
126.26525676476939,3.804187475070834,1104.5478222218117,6683.06643385343,3.7018644006561616
248.87562869324654,6.941153449311104,1434.9734573154574,5337.795639029704,3.6416283464907213
150.78871575347645,5.874453657960015,662.9827207083093,5153.327773022854,4.747277499668336
142.77782694154507,3.036768566609503,968.7774029189885,4075.414057528774,4.877596313122337
18.92503020358913,8.846984870374001,1652.1919505354197,4473.795679666316,4.474682070146449
304.97738482295847,8.075547205265817,945.5671344877671,6581.384356612677,3.655151172290725
251.58817210281632,6.755292429255042,747.7066173846115,5665.852190107343,4.103040825332361
26.21363624936968,8.580526426395299,1013.7142721380848,6149.548107009332,4.593408800157736
139.68390888618742,8.739294909118122,1665.086042252576,4817.381692270621,4.669731326015102
454.17881004034354,7.22944827879283,703.6556923732019,5520.988877824631,3.677327933436633
120.16116438815273,8.451626619454885,388.8351066147004,3993.5344349728302,3.5000460782680736
72.87498860956593,7.125978885858195,1438.4273396450226,5821.843321133945,4.568205568820908
244.98165375864272,6.961337331722854,1660.6575147807596,4710.405334813349,4.034894263979308
492.83240182824505,6.376808093044251,246.24308312089,4770.182059258982,3.88172199742739
121.40660811999446,7.650808075797592,517.7545198740922,5597.289298307527,3.5193462046842883
336.23170592923634,2.0067485002842003,326.8453800339381,6745.122485875707,4.310449110142249
380.9289978566944,8.86827221238982,728.4857525852249,3256.0253864344836,4.776726103138973
119.19995322420364,8.782513513579705,928.1844088655547,6298.97294938803,4.936447469408882
364.24406613162387,0.7778491888283119,1510.2113570784477,4169.532441648773,4.348617425919934
184.207674793267,8.345259130365246,1319.7377905192645,4775.677818025511,4.271691991609841
316.336762381493,1.7242637409977295,1260.8107065829408,3087.653315100036,3.627584578233862
316.9480905250669,3.683629115461848,737.131145888826,4204.184311337252,4.3233092023139
268.11945469534186,7.563328434770273,1690.8227285152818,5010.524970520522,4.069968618448092
45.59974014217695,2.0272190124589278,969.0099764264208,3224.704309389756,4.410702921325365
417.73359654682434,8.270686729131091,1959.2546291295514,4964.382917532661,4.08308952181482
160.72964245338204,8.40527469059855,1286.577169676687,6708.44251543371,3.86044868517555
93.66599594472719,5.3209434707279435,296.21624605078034,3421.5728724312207,3.642447912842565
20.867183206604576,0.560665781309919,1368.5462460470962,6057.762912302018,3.9723776668833435
295.6510251225268,3.2268622651616714,683.952830091813,4638.684213503971,3.6449672514316283
338.94339874022006,6.360805724569551,1388.33803353789,5620.694858097352,3.765345426235976
8.785620549464149,9.821268691260522,185.8002389166912,4040.9463919409172,4.981004237869319
256.2904826204908,6.50222850665835,391.0188024931208,3637.969050165433,4.166155335359928
113.63463971137001,2.968134020109518,1718.6876548662833,3641.850457084906,4.297807649757525
322.7638088095202,6.523054179446308,493.00013619585405,3281.9677825725785,4.8104277931058235
87.59603128799323,5.629861107300627,1682.2301942237332,3742.5868196049723,4.993353350736031
345.62340018218174,7.908531253935864,594.5883724861003,5656.877539955873,4.3740716740170225
193.67430547711842,1.5163160688561048,1303.61972461448,6526.7624473740325,4.718710731566258
468.3966293739989,7.729765073769266,1403.5936183441704,6256.502742364648,3.990411536505013
69.19171160092363,5.642032497423048,1049.676768632853,5740.537239497937,3.9586159361709368
170.86264234960413,9.64842403666045,645.355819558626,3441.7274536444106,4.10405558149184
57.18002385967424,3.7477855773675177,464.6565339236374,4156.7497851838,4.508760894010473
462.3844623301421,6.509907984772507,114.71924139673114,4239.227501289875,4.523287533882648
438.7310070138,9.354267002345166,642.6954824194114,3999.827785590485,3.972859151974176
129.34184304372022,1.473842415911453,1323.667441536002,5060.022638838893,3.699814886204943
330.16203099407244,9.403670628746285,1879.6943959745413,5142.215259518691,4.4485943846982625
408.7024890005073,7.034914361857727,1748.8487404129514,4427.543900684441,3.6924887932831467
277.82280539393145,1.1444520614991331,1543.82631424384,4415.156634945744,4.367738762343995
265.0604638888252,3.3591538859947545,1587.4723193439324,6314.222391624326,4.540133192084463
121.30521930477562,7.2276348421301755,1346.7205617781908,6157.1713932787425,4.550917244591678
47.00483251904666,1.139830713953331,557.5593722537059,4231.183326722983,4.630208165989395
448.6592710976867,6.030619371674596,1819.0303098763682,6655.153775493038,4.809289132348496
450.2588195530836,3.785889041053089,1357.9280082163764,6811.260068010024,4.249938487947182
316.7341779079973,6.398697418791032,1142.8592304118579,4306.970168120163,4.595373784294357
169.84538062882598,0.934549321218872,266.4294649662881,4417.69979517222,4.428759103048755
174.9301825190241,8.779599658447575,921.7583104225296,5022.536613687836,3.7799599096965237
363.11486159568454,9.74814520718527,947.6986288437563,6764.483250134694,3.538534467304112
448.60657484631224,9.70433962521407,1735.8990385692064,6505.277732569246,3.926812078515401
443.5996689204261,7.621692401557785,1115.9640293661876,3410.2718503343594,4.164550559506429
390.0478351558831,1.7358192812410036,791.7810704922988,4570.922973085665,4.425658916642984
321.19480725406675,7.703500361325714,1954.7606405957856,5213.484758999088,4.774938995754808
42.52791251502689,0.7335757063586144,265.90515698631555,5012.52989020616,3.7943685750592486
81.23354269025958,0.7101737395254739,873.969435208292,3775.4522717475706,3.6883246848477156
449.3278171692761,3.574297081920642,131.94811658424032,6435.267084672619,4.945219921211491
303.41131529996517,5.142110308844325,1492.8130354955142,5707.763131987349,3.6620668390646105
5.093927282506509,7.818870469174035,1840.2492767883436,6351.633499407215,4.217736605160784
51.185035661583036,6.9913060777617995,596.0727926234543,6435.057117397889,4.378345593189953
331.91913366947387,4.736075710579109,1723.7662697582857,5993.423414662959,4.312061631361157
3.028261131186234,3.0994533296758258,619.8255494007007,4756.84240499887,3.6290482355494147
80.82362168304057,9.972682751498256,1826.0018152056348,5442.187020061698,3.585540371005429
274.59252778860974,4.548722371241743,1520.2257120137288,3641.4616244789727,3.6582251411915534
346.1016512475003,4.788176731131917,1619.5682148408052,5694.581669899631,4.378381525808919
326.15464912154897,2.0544263013208575,85.11278342088627,3717.013022957123,4.3165173314514815
112.52252007554961,8.050690713124329,1927.4801962943507,5775.798362040627,3.850611188055116
356.23352106309414,7.089981144924142,1467.0084345371304,3918.3926430158745,4.456661212768387
119.00591920465163,2.5973113214932235,644.26463600296,3470.20520060088,4.730101253083474
163.03714923055423,1.2826199333505057,1667.3195964747515,3661.13796057183,3.5623684397698905
373.3724568564531,6.964743369709774,598.9663369091134,3007.968540876281,4.247194915322064
324.9916330740837,6.7178565356707844,1751.8699871539495,5874.958471414121,4.533965618154035
424.6870935418419,3.0959655064829885,269.53176130327716,5929.604196233517,3.8784678906045307
328.9776397040215,9.533203841378898,1422.1876560485516,5059.733399653038,3.9616563579397237
284.37014736606807,1.935049971918552,1104.362029457575,3645.4512042215347,4.420456854484076
47.29054653013219,4.607180609904718,238.24221688110958,3334.217350042759,4.846902940165606
184.17404362818704,9.464351241592189,521.692965104736,3076.515865749148,4.714886630454349
132.96858265702187,4.487409510798162,74.18787074076384,3662.9927078608825,4.374695328649375
122.37282686785224,6.5659965028088125,964.0975326557864,6563.422139932587,4.595332576635874
486.51877209884657,4.277146780646546,637.4672584820007,3966.147366806727,4.047233705311698
196.8523134710468,3.1050444223123654,1216.7970943806297,4417.085308868863,4.461448292148137
446.0772543109681,9.847787655618369,629.6137250318035,3421.3819379253327,4.1992723866913355
315.7537436856328,4.388673059992909,634.8422674386202,3889.445218992681,3.7849042046863413
397.5082461190534,8.993942434951776,1499.2267375266265,5076.89828312082,4.552607410815886
251.56722800604345,2.684568755965319,143.8785301577892,5431.0107323826105,4.334696956023233
288.6634903708664,2.5244946882382915,1810.6452406243752,3981.409256664844,4.037932372930387
246.51258806252252,0.7957737874028579,1711.9145550628039,3230.928636900469,4.867008785117946
98.02387240512323,6.690834841070908,1352.2191322914928,4564.131476509595,3.5314011767400997
361.36483157312193,4.001000265375731,1206.7820617093994,3936.8134837053367,3.973659726874244
140.74579503920748,8.711403373476552,1789.9898713723219,3878.215692919208,3.58532209666647
12.645825232511193,4.995494113569793,411.39385008099316,6839.451210853821,4.649790974332441
322.91341180563035,9.697837565189857,203.9898662721158,5465.201943702896,4.5531611811706885
88.96678436382095,2.262492399179651,517.0448313235993,5227.513772688384,3.9970283281044754
470.2590628842807,8.751920095578303,1599.427643465371,4663.100414093287,4.51349435331061
476.9873242127924,7.877670101521547,117.60702011664247,4715.777333720577,4.0939058392939245
457.474762915114,7.823757524118494,1186.4733284128047,5163.620015352323,4.6343806871336515
185.39427077759447,8.525440667110432,1991.1031565730543,5785.7192281444295,4.181275494105059
8.220579956169281,7.72972791395849,1718.607382983202,5808.584384727317,4.118419591747498
464.19512201256885,6.449093055498446,1066.8190936349995,3686.775630821798,4.902094873232452
214.3779820844985,1.7468263379826818,174.09977310895258,5000.451008306508,3.8763186498360502
483.34408211231295,0.8089987051668932,1671.178353052134,4647.832380136408,3.6806710099948483
481.8281785560818,9.248054554249025,1218.0080909455605,6482.107865077536,4.376814669889187
426.57822300594637,6.358177987947012,274.11934426615534,5525.675684873506,4.953982718426269
147.57722158875805,8.067104264273675,233.0217054055446,5130.016265663928,4.06675882059078
192.85631543666167,5.074462339369226,1823.7722979013552,3461.5785687156695,3.5930551454431723
425.64276742267003,1.6144277951427475,1354.940512729253,5422.551557293646,4.008957900964351
158.8025415755607,1.6892650259242292,1667.1092586676732,3468.815622720934,4.258897481479337
85.16162696970319,7.012870228675228,1764.0088555504212,4348.826302263008,3.7428845099483206
278.62223059794593,4.587906001544896,1164.9560864942284,3571.3678592573274,4.487153327084738
468.1093096933101,2.4049849036531987,1059.0203859223307,5768.294588097476,4.996624083515301
348.166883439149,5.170148194043651,889.3334501259309,3825.0084553446104,4.177609213972166
285.2455544596378,1.1099849022137738,668.0458461926826,4567.437492752104,4.032092835095319
49.039658638498885,6.028728318186788,897.462123674488,6582.699110475114,4.1010562502517
307.69610973623526,3.0554373421334278,1559.065328673805,3817.265533595881,3.6727192675928015
495.0318981270795,8.076811456053289,1223.7506904795066,5031.220255835116,4.824910402139336
70.47196561064375,3.448438609773951,1790.4204154119498,4677.086644664088,4.122238483282028
259.4056613556865,4.824591416277111,914.5910280394161,3072.496164182919,4.080911617137262
438.74784942801375,0.610395129126956,1233.8246785015704,6171.032454291251,4.489535409395711
370.5139245682251,1.1882454340483093,1281.049728529378,3276.183625258399,4.163050131396686
348.6593626271364,4.228688785863506,1203.8094664973348,4897.020083907814,4.472350203211769
351.39079995156106,5.059418929812673,1420.135857516757,5242.7131797557995,3.5921694351961815
180.06583003426772,6.200195207133385,512.9952633308723,5513.705826458348,4.720585015583341
147.14912621011445,3.2707944977383807,1049.1093662142916,5754.526517231502,4.910755929319103
404.77589716151755,7.102327918202154,253.23836547627795,4013.08953409086,4.473148079239079
405.1516406422508,8.671162773297443,799.7970889073845,3039.9151066337977,4.931848893288216
433.6026231307618,7.908584394486823,1000.9507838114656,5893.774649419648,3.727148471554945
456.6636560019574,0.8763788408093929,1321.8373061136713,5142.626397390314,4.21612428422053
255.91552823103842,5.064815998949375,1903.5355525430969,6344.470812828995,4.402710100918171
251.0073891962562,1.4968366949726613,1221.2695797692938,6285.5534516027765,4.37260497113178
399.2484418939042,2.799427650694011,1500.0081365442916,6373.304671151533,4.102192668633565
325.15698342349367,9.87329463603789,1037.2188160156454,4940.378639918161,4.007126614049392
351.1324551902228,1.8537076575643756,1286.502861183846,4334.513583347462,3.690236033825628
397.9984383833325,5.239437457787883,188.3178214608582,6166.23281036548,4.087613675843417
445.05766823787434,6.372479476022131,546.0635826416017,4805.17645211702,3.7439912226582277
169.32858084734212,7.173417220168988,755.6135317500205,3733.768785613738,4.601548514738328
188.10368484365205,5.816662493125684,971.3620422627015,6419.896078245898,3.813246403241885
47.443978950514065,0.5928230504822447,139.0150537296483,6530.239507089389,3.587847957926801
289.3509304275889,3.601382428317923,323.0469902289695,4865.23902456068,4.328549206725851
18.453165761472672,5.418260612154759,589.7879001930463,3302.79890923915,4.392844599079102
233.06621005716386,1.3347317418759168,1944.4887472570488,4551.304359667725,4.807869591920758
271.55099503643453,3.830955846487217,696.126663850949,6214.150637850414,4.365472418626522
143.62735543807807,0.8154295335179824,989.980063318561,6607.096114184915,4.018221280585169
295.62121365422087,1.2464957229726972,432.3905398398662,3813.8909699903834,4.704517822289481
15.73487484455519,4.2707711239151624,1241.0211385977482,3267.8944481010863,4.3104183397811315
19.1554202802326,1.7607996634090735,597.3322702561499,6509.401812531354,3.6189204269467874
411.3889800494993,5.891638058484802,453.63552795493223,4557.619755915501,4.3487758404698695
180.4152253849258,7.049917206804024,1057.3166254696591,5167.043857070254,4.862027818132494
63.96672606961645,8.105573641536287,60.7363083628206,6872.263248203036,4.0944689382473305
261.36050839737476,2.4014273203256957,64.94486366598939,3266.2589116568915,3.9444887028497
385.1117797727561,2.0910845314611626,477.1841777486227,5593.272029808382,3.71520418552703
108.30260323467317,1.4933944831768025,121.60665687660122,3296.4216902994685,3.727168282903036
311.63379267159064,6.546087370664549,260.65022055484815,4501.875713866001,4.149157226512728
43.13105876438711,7.211519401625561,710.7782662105656,6215.258180773787,4.393519736242294
26.315019723719544,0.8000683758435994,1615.042075180635,4733.888931022538,3.6209231077544026
265.91163846828994,9.394016339315053,1165.4948545701366,6988.729415611801,4.909352883537748
270.5472432442482,0.9937271946889878,1049.702065615012,5236.237139786408,4.632700426167794
318.89623579835416,5.64231518536017,622.3032052558372,4284.648610543814,4.379935877425494
363.18262119446945,7.236074934783706,1866.919752893992,3880.4453036190125,4.742658006408487
487.93811369153605,8.774206675587813,824.1793304125238,4402.082137144647,3.62028013521817
258.39202397644704,7.283825855258064,219.8308952517544,4490.1330950382035,4.215258316599686
161.81675823415236,8.116416789163022,1253.2797064297124,3274.8547108958437,4.445139690292495
397.6955042869675,3.7247768291566574,271.98486727937274,4478.296797707093,4.742979359177434
135.78070950540607,8.240838580591866,723.1851284632995,4856.9540789569,4.675204340073901
219.76622464246523,1.2610910406544138,1039.4532804997273,5890.951008955219,3.9156038745700994
39.688962480461846,9.000758232575013,1754.733923136093,5626.917938886432,4.911320254338806
13.162696336021027,5.702127573460494,1012.4158316632314,5835.062620916617,3.6865187621463056
481.3428831316236,8.26432881464369,1419.4045937617452,3033.4547275074283,4.812700427931729
418.07207019584683,4.797023702923851,1985.9928360481872,3870.6695983221443,4.956410374406928
348.13911594380215,6.613988104366987,306.40378380106415,5646.737153599426,3.7657302848339382
204.7719957349278,5.500825278893076,585.726474763063,4935.957472718988,4.583099096305678
87.06051287538746,7.450100456675653,819.4233474154105,3021.253902673384,3.560428278166998
78.64030281420747,1.275484829290601,872.5649481507212,6217.978569727289,4.108134237708732
125.49632763321537,1.073344797910356,851.4910967678143,6091.23829316135,4.274424948796511
274.8387190207072,2.847480723096391,1819.841454985282,5193.6766519742505,4.370967838864451
357.4406633886811,2.0156744610752892,1442.3636567103702,3265.8533031050883,4.903905872372839
330.26858967050674,8.781943882625916,1235.4151674768723,6066.060198130339,4.508376030941292
140.32698152449845,2.582532879901421,653.2767998324251,5334.854350925456,4.221916926828856
477.45520769126546,9.770719930281748,1656.3912492315246,6127.839908631837,4.7145125543988335
369.0795098895364,3.700510021825515,1912.3679973957285,6006.9879695833615,4.925799231431613
277.39984922944467,2.230120199042643,1651.3366509729417,6212.008287831348,3.533099223023436
306.05451274405897,8.002135817853553,53.05195512337216,5072.0322656185,4.973781908384058
210.09023118268107,6.757723867258323,1290.9826718576437,3561.29807277406,3.6291982085955206
124.24162925582816,5.23285930630482,149.71399381209642,5684.629893518755,4.721580168903142
178.30835298630515,5.775953733907497,552.3340796507575,5481.895140207882,3.9205021288271187
379.04413217695236,7.332416893586506,166.0731656781548,5969.012748796349,3.6982694866308075
7.6895475705630565,2.670320042647338,1227.4011332513062,3679.5240242029413,4.159783459570752
58.47828393320466,9.965172202539048,1388.8503313105832,3779.900799601157,4.46593486917142
23.478319689865497,9.76053504039444,273.250894228515,6561.638068877313,4.071427767535212
20.844036758325583,6.678094020295901,798.4858219377099,5999.911193808283,3.5818481124240487
427.8025617134981,2.3956532838268787,939.661192463307,6632.913954801292,4.399191709488075
351.97710076032183,6.962168303097267,769.6533924337873,6034.8612846556825,4.853604914166012
237.34982762911895,1.1858848853021704,285.99875094612645,5388.621223961207,4.074823048920877
49.36816324517524,0.7911987709551576,866.9481908655771,5616.530948111495,3.8244991664462407
246.06212962085777,2.94798744085653,1514.7971932264154,6556.51169576004,4.163866018899223
236.99914950489256,4.894918089023505,188.46494583984816,5315.227018047763,3.572544066573171
87.01433402005259,8.748588801379615,206.35102745971173,5529.565297313549,4.730731376720412
217.20889879436754,7.4081061627799265,741.8040190801693,3625.9068640144023,4.73951121642528
199.55311483148805,7.55571195139982,1886.365137656904,4895.6848804644105,4.382000695144443
308.11712397708214,4.542186677256716,1353.7166611096825,5865.588447832396,4.029654333407584
317.7292786083881,3.7863824291961476,1373.4064155115013,4083.7707932654616,4.699675046668675
23.129352881136235,4.024868248353726,755.7439821338367,3809.01672209814,4.3320305371825505
187.61900100592237,9.882670855492549,1207.63854285665,4255.307232897662,4.738898462825024
313.1170278992611,0.8810373184185836,69.75580885409958,3966.0025119713337,4.447188188874531
251.81656116075382,8.73679921316326,1290.3872904986074,3859.6505481455833,4.676608209819196
428.316675673567,5.997416381437738,1830.9095477736616,4699.403371472348,4.39784448982664
329.51746899366304,4.66684648230111,1244.5182632723975,6631.354055534137,4.121211602323499
81.88574632717413,7.389947773943796,1753.7122572593728,5028.238586954873,4.936918789889207
35.74908932651471,5.123354943534677,1461.7474581588829,3751.681523261292,4.311670737318267
321.38842946405464,8.797520761775775,285.08891198719596,3307.8866775234965,4.407634277810807
13.742399615540096,9.056667708106955,1809.7839492073913,5784.624580551701,3.830731459122124
293.0949028460949,4.506348805297827,179.56549649376103,4531.195057745552,4.438476184140915
470.14500559176633,3.12986407373299,1091.2365714681393,6287.323786341437,4.357411474224416
287.9493518490015,6.127328121636941,327.16739139724245,5638.04307456308,3.7772575969205375
194.3908781401577,9.167451783358564,72.82789092526292,6184.965802165474,3.5893806460297157
321.8224651119554,2.5012907955538326,872.9668072488961,4087.784157673795,4.406538979572156
229.39731880051255,6.418182543853087,625.3293799256047,5769.435689844233,4.645538404025481
273.0355862633095,6.499822090878945,997.7009629053259,4056.2479387748754,4.285102056383012
470.7616719838743,7.464573712945169,1175.5397791323742,6756.273917801167,3.8401589379794685
193.35826758148673,1.7498930087089681,135.29119100244736,5545.497126133498,4.499782965039552
480.6146866300451,7.300337164479841,289.856425491304,4298.047200701369,3.6201585899144035
452.7226456570538,9.13580894632359,1139.3526730783294,4078.0474491690907,4.162750557202932
98.29767182725357,2.206989534267299,719.1763386866835,3763.7063402865742,3.74505013759763
35.14596978714515,2.7566615867768376,1471.8883007214235,5778.563835574911,3.776688576589825
50.83861168802461,9.728253393395576,1321.9687147542822,3874.8624519917093,3.8034409237373055
9.601801912949089,2.219281050740153,1698.9285078303183,5381.213063709956,4.080060585565967
47.674258897586235,8.616658387011002,1400.3610120049893,4058.5401077014294,3.5767253084305963
341.66188332147027,5.176639636256331,888.3656009107889,5647.875779175474,4.0966901613936475
36.05872990588438,2.848695206830182,1362.2849136691432,6259.758914162157,4.267561170672051
159.82832733173376,8.772124062088858,586.9932897980661,6112.1009725786125,4.224941427449488
422.51521782924254,4.730399922525322,647.3113226175147,6043.405323723127,4.074176150604561
12.12433190004502,5.390764862332057,1588.521061845547,3750.8896227690084,4.7587199121061285
407.3270070531734,3.912717009297774,920.5180569830852,3353.539787938075,3.7179900386307563
141.28645999931325,6.1330330886318105,1606.8416640107873,5795.795313949542,4.258545115672061
59.5233313970173,2.0534767895577164,1653.723628653143,4473.388855177405,3.5930621254348316
348.52021409939323,4.215274598191726,1722.2465584395034,4729.3849056133895,3.6067335183168647
314.65695196655207,9.709417062185231,1837.4387098903542,3124.5963711735644,4.3607987745156445
438.79727075676294,2.9522676106607117,890.4211800009276,4038.3057971001967,4.349027637331732
367.66798638004093,6.738998313142276,671.7902957262207,3134.705615497856,4.8170502692666854
401.83872472723186,3.5893056101346015,1185.287555858522,6516.743090404991,4.33681051349011
141.3762689993676,7.847994694022706,773.7862257033738,3973.586732874122,4.9396865306072755
89.13105211797155,1.7432997768243235,1222.0946252604542,5229.348678292032,3.5730422725998947
375.4320684446087,9.713299928246174,1425.892432155458,3155.9172826445215,3.6470115271711117
403.51395226399836,4.811000643144573,1392.389786059667,5667.389565222633,3.566098792355572
495.2573184293363,2.7424794017914076,780.3781296892366,4292.109383016375,3.77791527550031
206.60252961725752,1.1982190996351203,375.377393312568,6591.676747830663,4.311905166412517
186.3230338534952,2.1127000983316373,889.5322100013047,6552.472755736144,4.468358272141142
388.31827389062744,5.437852511282168,328.058580959722,4301.1624734469915,3.5683777369230034
170.7313683563824,3.70153017609722,1785.6892186084262,6603.843582761871,4.918956334768399
465.4132841389806,8.374391975884791,724.461048438822,6984.6306939951155,4.7632480649755715
429.2771695455844,4.593431474787156,351.19650708548136,6301.662656495792,3.9449187232356397
214.78251667382168,2.862785589582484,99.62313181621421,6379.485391020916,3.615781295339702
375.5600983618529,6.362877372738286,1309.3536532586443,3996.0349444363596,3.754830609828586
377.39416560529884,7.2143835604117355,1291.9595190367493,5306.809595431025,3.690416620632459
52.01037248354834,2.0868981250590237,714.1781248335187,3269.0236558694714,3.6849256689484204
451.32517688644356,2.092382554739018,189.83818325291946,3379.671747286679,4.277842532998601
252.87356003770464,0.8483785558686583,848.7763450457024,6995.570448133162,3.8687711637401003
413.31550432081696,7.495819143123585,656.8741153736174,4306.556997703644,4.0372095747937164
160.36477571479057,6.806143012407149,1370.3852474832681,5992.735648195386,4.984258000076483
447.81385263385215,5.008993319623232,1231.2695364327462,6226.6602121072665,4.526471373388017
194.90623852771446,8.519619265207373,760.957769985203,6432.093084028917,4.923471000570502
5.913406914409031,8.153866453025504,474.8904807972307,6990.513189608626,3.7138348325496735
452.7382972214222,6.0608664617691455,1976.6701340034042,3965.985941027471,4.0732092122488535
46.097695054673714,8.748577164875957,935.303161332424,3161.403307438799,4.332097704923531
159.99716197641223,2.4554914953492983,1392.1347597714623,4644.7660719783435,3.6151370928331072
475.05595254187705,1.5632363842784147,324.0782867778035,3520.322679315788,3.506281165441937
475.3282698953093,3.0626213094114014,996.8999143358257,3089.7035566482205,4.505651500695376
286.9322251175814,1.042325132848491,103.69660374545771,4441.707308565945,4.462729275202153
316.10268747881474,5.546110516009804,1035.6374799253774,6134.953004300945,4.116183214999418
224.49853822817073,9.397754076802133,1929.8339438795197,5264.722764900283,4.234466114048049
146.95878046318325,0.8737636363508416,799.2030903223105,4251.111956841416,4.123164500888135
164.66794041227303,1.6600441830952546,126.0422245210776,5617.3680219708785,3.5360075672673332
336.4229688104807,4.795890768692635,110.36379229271988,3928.072721235243,4.0030574093261935
376.3110774541212,9.371812666515098,806.5741818963955,3057.52578428834,3.7656233830959347
395.89373234106137,3.50348299727913,362.0486261032284,6057.41354574571,3.6476362836520533
394.9142623258797,5.318730682539728,95.53658783996252,5494.972339456037,4.935080650834024
46.05744847282084,0.8949421609787249,1524.616547202845,6049.21049800384,4.399039587563248
247.46294219893943,1.9092604091398442,944.1198673196868,3155.7520667506624,4.592984426354904
29.25060062831382,9.872986168109046,614.0273053466764,6348.478511322609,3.9730456148991764
274.9896767207059,9.668627616142432,1805.1622068821373,5478.104800145213,4.089720694241023
221.04448543600182,0.5469298188768914,276.47097239102493,5253.581402850561,3.855385990845085
443.90823928777075,9.54221196152077,1914.0417164628725,5498.456192458127,3.6454485064481372
175.7820487697633,6.571639409247253,662.235098885838,6457.732987473457,3.7685474561623757
58.974974705589126,8.74522379794021,1782.3871610019285,5347.746026235628,4.696271067944728
71.92434518539152,4.820028628521661,1225.73860913495,5323.801519552717,4.516318707775664
380.87456054287736,5.398162271502877,1662.0793514959005,6962.716628263063,4.320393313978215
309.2999226264724,5.144042512440742,1968.8256682604053,6026.9206682742715,4.212634809300152
51.01077672333373,6.8352104466879915,612.3906037465541,4769.175221804541,4.883651425484187
42.51134965444122,1.8266869201849727,1924.2141965448063,5829.588000131711,3.6091024216680028
350.63408116383044,0.7847491037904406,809.4896950597197,4556.921886767153,3.920901219856874
36.845121678914666,3.425334445116314,801.7482142369985,3915.501849933996,4.024906780356071
411.0190996155329,7.194467245998144,713.7548532962861,5387.407507551037,4.673638718319182
353.2679924646699,2.4176077951680095,1105.744834327791,6712.728392455806,4.988771930242957
41.13371593062893,6.8976081165867145,350.58283419804985,6716.558080061851,3.8610057721357296
42.87643818555336,9.714164438019068,1129.737396448122,4367.621112421961,4.811461001205621
493.3264694613371,1.3920567999994746,1106.324384199508,5110.7098648867795,4.745934140647687
187.4482624801821,6.8897201231387,1535.7085345794965,3846.5435942794447,3.83698609646265
185.635752459912,4.715627083393426,1675.6174257782918,6982.524437995534,4.098998870298834
406.49338384512254,8.747351416586302,908.8606331092269,6924.4716314717425,4.114509303938779
473.65066440323744,2.1829229997501662,639.5498362354128,5598.035718829789,4.967331002789837
493.00753137952404,7.079946546148563,555.7030497683343,6217.656238709893,3.7713378520683474
376.8124035368413,8.462095251657047,429.5164815745003,5860.4006451348,4.698736956657173
188.44166297269243,9.473835085003222,162.41278528809852,5372.632876157873,4.001289071259665
42.20860799098505,6.990856268751635,717.773558727691,3213.3919879555906,4.5963055186642405
388.68488450575467,5.22316025808006,576.9829996550274,4819.057370210644,4.130016506443495
279.42292274303463,6.369548781911531,1934.5139024394944,5699.145208669643,4.36753964467481
212.39889361886466,8.754597352547822,1137.5322111875857,5710.126455534739,4.748917659989196
453.2240153548206,5.920792593068882,727.1902261094897,4492.490473689534,4.706248347475826
56.043142411922595,0.7886770671199501,1181.9118219377071,6766.767946632122,4.79963477530955
246.56623959328414,9.344012607316289,321.4335676241062,3669.428128947124,3.5894259880169885
6.171145561325825,7.050504134799831,915.8853109442957,5001.437784862243,4.5380758295596175
234.59599067606607,6.926877164883842,1271.1569267710745,5763.535906203291,3.709981065082644
28.623486203077757,2.5489139477783134,1003.3507719952802,5788.543223567237,4.123727852027616
59.84954917590193,6.7594119672102435,833.4686612759323,5594.555827075263,4.322882622582033
59.204360265163885,4.241711853714506,1988.0043583544114,4101.152853807441,4.104109227120246
324.78054590697377,6.686713281894175,1766.6137861904076,3624.826274746488,4.279417513704511
373.14941719307893,1.5126337879259117,1265.6416184109082,5543.761307306843,4.994789463197929
291.8926981660312,6.7495303937288424,1160.2858543054515,5397.208464557751,3.702825970569282
481.1051879630337,9.994430394821332,1260.287935657939,3717.424041156964,4.513184068004638
187.74785447209018,0.9580143691752823,442.55861025374486,5820.556582282254,4.094001449578423
143.21318709778944,9.783154750102515,820.5185993654213,4820.687966934625,3.6995146983609932
434.3652645306354,4.365625626867271,126.94608913725367,5671.042366412612,3.738105145061464
112.1861213404666,8.772157778203962,977.314773099312,6349.468319080603,4.923909659368425
481.62965845058534,7.932662098553598,1108.8979387174431,3678.9137143076928,4.819402245067643
6.571160107563262,5.886654479373344,494.1119854012587,3076.5794719873466,4.860562940622533
484.9544739404657,7.515267487887602,1929.8562519727518,6116.410345583147,4.9872991637410795
22.058376019312767,8.845897832362805,1823.436491327622,5438.789700610463,3.812473085012777
445.6259852921865,4.339333055684813,1458.1793091390164,5798.558278488486,4.033159006046093
264.08670398860676,3.6068150348507677,1090.103926092457,6352.61989995457,4.5038285448873
496.4859156615905,6.842137162854055,1746.4398613129856,6211.243739298002,4.225703809790971
37.36138408533173,8.174536448441955,304.77207045575267,6843.680587715298,4.1275843000675
277.1502150584597,7.7417087803778495,1591.4940988360258,5143.740315408473,4.03671687400339
484.6666165417399,8.079229664157028,293.4005872353542,4953.9825306396215,4.390670947915178
261.78737316298935,4.6380414907228635,1598.7107919713405,4607.54879956292,4.363390142960123
314.88461974856364,8.269425053662705,587.746758090146,3614.764171376818,3.74218675109636
348.02647014781627,1.6419860260207801,1760.3266329854684,5290.428931528089,4.207609756277659
227.54326185150273,5.67264643062807,1890.8820829595259,4108.050097303915,4.330207664314775
313.9652610019897,0.5547072747321549,340.1521403399755,6685.230048851901,4.355430408097086
292.3649988055886,3.5835653840525676,952.2174298775174,5332.76321710839,3.8151607893685275
450.628426240249,3.98138458127828,1962.925387417236,5371.360722032441,4.61340708837843
23.200466980558208,4.263640570287926,992.6445001476359,4419.69864350804,3.5377986422316043
140.84111320131905,7.106938463553691,1733.917668903363,3207.9574079108297,4.032247783314744
475.2305362962411,4.191301962068284,1198.0264681560736,3126.9750614919544,4.67031897280345
445.1867600535127,4.762589414914041,781.8933204432236,4693.34057661279,4.345839381583104
228.10054801646362,2.756669243306111,607.2779332754469,3338.2615123889514,3.8917436487662904
310.2562326018676,4.045892020478731,446.2850276178702,5427.387822160556,4.542429679014571
139.05190089907578,2.659061458999939,1535.5064731865095,6523.89202255863,4.35108641623411
94.46651928201878,1.1953612758002146,803.7539883049044,6531.659266074888,4.694365414184581
232.11735326752108,6.23276163712309,1046.9871512914647,5636.18164052893,4.602537779284735
176.99943789901337,6.848021586272655,1010.0346860023047,3844.927325891724,4.415161883054352
292.0362278695106,6.385158287091338,1175.694107004606,6451.987325435488,4.232266512966221
39.32845116400993,4.903193416105437,1737.875433967877,6544.373741252833,3.6997731885012852
487.21020642925015,4.107964911702683,1962.4417199876873,3786.6143398118347,3.8919995268280756
493.11226686756163,8.70166967093234,844.7892067189431,5949.704343082709,4.128649209375628
349.2317761528627,5.431276958794071,1663.6618981072909,4146.078195708492,4.398948930509583
268.2801349888881,5.0522278374824445,1540.8291995766995,6210.561249411719,4.270561782822957
155.1090443350207,0.743599625161139,1168.381455338368,6988.951599614411,3.932276788939294
406.99061234362085,3.7418543624484855,1914.2919300432695,3120.104021317571,3.509696536684566
342.5232206906627,4.111858378465643,440.92530528038543,6589.463463163727,4.244358832851221
81.7271612027732,4.288816418520555,263.06521010376173,5490.522134394632,3.928438982843365
455.5081286546743,6.011637507659657,1715.2258355630731,6893.530476659284,4.601912451065802
411.3573528401229,5.569224193905345,906.3421424358091,4860.03807010571,3.535919397905725
474.9250566893161,6.275098381537724,1701.589265703768,6389.551722285495,4.377241716958686
362.9968944399858,7.766390984650219,1791.5259001310592,3249.576274393109,4.912211356259098
306.900890369927,8.223364517802889,171.7923075571893,4341.116200313183,3.7616139006672493
209.41239662716413,7.322169224151697,1772.7562878228184,3268.06615100484,4.207474236125893
466.39787743532963,9.57747511157188,924.2221579703732,6901.372533916282,3.6371329877257073
433.09891280545395,0.6732095354254355,1045.3433535582528,6267.895629087347,4.438522868392029
23.08672571804161,2.359890863993688,1271.85539663176,6410.189684983881,4.325797520894339
13.670303761377376,0.5718473122923502,1856.4460831236693,6751.8609257355765,4.111048286319249
188.54345175558578,6.651009784468728,87.27638413803986,3340.4139444791413,4.282065532210612
405.37138872552555,9.031290215024876,979.8447632197433,4542.390370053334,4.844861987703515
493.64442659281474,2.813081817474843,1391.0579827395934,3284.1395561760087,3.7944414534666007
75.63323710621233,9.306828175564913,1459.2785675115456,3843.1724062001144,3.5338467675580207
297.2682923183915,1.0725402077508281,1400.4382414973607,3917.4631081506895,4.792497327048651
190.75498288719524,9.377142254652385,312.14850234583764,4876.4288441903145,4.3656756235818595
484.9722417083943,3.8404155287765267,633.8213973247784,4074.2486698145703,4.835987683192764
421.1384021062865,1.463497870267557,749.4952745631763,3403.912427271044,4.395417835119758
419.24518800321334,5.115781712270094,1618.6525549750347,3669.9643563764307,4.715241634939554
234.61223331758765,2.9393773933448255,593.5817512083784,3589.102254208364,4.144510045032722
207.70234141766375,3.206292568638267,460.8746795410462,6892.307191649194,4.624789896932404
137.06683242938777,3.4192546667997226,1917.0236371242875,6037.170027673894,4.869562200334784
28.659560577138095,8.128746029410301,67.28340597126436,6871.045861078248,4.358184445583309
432.4288269393991,5.622032128414918,1995.7506685798576,4758.961946031634,3.7711777258435695
406.54405406047374,3.4574231419820345,1369.8015327719215,4113.473926650627,3.9031964225452973
499.8589778064222,6.298170941453725,1665.5151339257782,6193.172788836747,3.7979668653461087
498.3201001184157,7.303431405120339,624.5078228750766,4305.015672164587,3.8702855413935993
277.9381369485124,3.0899280069685706,77.91479145076696,4197.533494821393,3.9596231740265546
384.609213882665,4.428716464490839,1488.8455611949837,3930.023968831325,4.332700680129783
472.4104820762728,1.6579178867010018,1676.5819641513178,3518.7159128969415,4.381987444195749
424.89887164336704,2.220918820579463,1493.9284573093623,4025.852244067064,4.1397496208627915
124.05037682072722,6.9706196126673365,328.55806023663524,4421.27899389555,4.423131169731253
225.5467955873917,2.223664303108456,1519.1844484010896,5695.976832582922,3.622362388417049
65.01512786817175,5.489052144837071,1549.3994251099,3250.259368877806,3.63168235558724
477.0484881157318,7.235939486363111,1334.154005556607,3842.027758661372,3.7577441905364877
303.28422990821457,1.5153307694000664,1543.926068951393,6236.094561166706,4.277116247060517
114.70708134897963,5.889466086474584,1699.5468073715776,3587.687694335083,3.8209920180474706
336.01449186072546,2.9373464451629556,1246.528022763044,4370.580586090086,3.924926605238866
309.255056108719,9.647805314757008,222.77919224087418,6458.63568743256,4.100469254259491
179.40227765740383,5.0936836438392845,1000.8742288510612,3619.7012445737705,4.7177991860155695
57.22201730371469,8.156929222864001,201.41620260962986,3330.9473424727594,3.52079320386929
335.9508111986034,5.7271521504844864,844.7089105132401,4938.151980320044,4.474068230354933
260.39369660144473,0.912419062120782,843.8576537949739,4209.678045114146,4.503314796561028
386.27303667195184,6.514938068143213,178.71919607347107,5253.633457935417,4.6979836705349545
260.3216688054407,9.538331750963241,730.2000412404847,6215.2195619339,4.89912940859047
426.1646594091108,6.215312291390147,266.44629264306394,3548.593952610973,3.530206773423935
276.17746596785554,8.282294164554507,1626.0586595179832,5322.79633821714,3.7306755582698243
280.68851678192544,8.899961401809874,1897.991650630718,5022.035041559456,4.829256941083989
438.38847452784336,2.6667578335148585,191.0171267529803,3576.315144052798,4.187777843280523
202.03969167309234,2.514425979128153,1912.4746542188177,5495.99394211593,4.346885958400195
67.44060661109505,6.3043193940844215,1069.0243687066531,4094.5616714430867,4.494540805584721
14.876946818512817,4.404770463163695,634.1530720100541,4951.33727417605,4.518599906743456
377.6910592089727,8.478682377233843,199.88104678851886,3329.0892971082476,4.897610604974762
310.3446209010556,9.050219672281106,1026.2173227373146,4838.336228854492,4.995424126117505
352.1878441655622,3.857503103375822,1599.30531175696,4225.853872171281,4.580236191396411
106.8755986737009,2.7502703102575796,1428.8186306700613,6289.524844741418,3.930831813807726
68.6175520555915,7.914992394816688,147.94072235474886,3227.9149079894732,4.819628603441515
7.7650605011070235,3.110657337707293,192.15857896741184,4674.42909967332,3.5738313718111425
175.6184856238952,8.314836025879945,835.6029011336424,4833.725696525752,3.8466212793117442
295.1638845838892,4.5255134096632466,625.8164633934894,5900.024305196475,4.8460785761955725
196.4259005273163,6.841724043268969,503.1494299592933,5297.150300360844,3.8842872716590326
219.01872355085266,1.4075854814293476,597.9587728719915,5668.849348776725,3.830976589432623
452.1272678996273,6.426663584427444,1616.791349428925,6108.197142607025,3.707187939710371
174.45360577813852,4.7917929480036765,1861.9947045821152,6448.811894632755,4.788667636470375
257.2377498353255,6.072780400167004,839.9502543287546,4255.501986889882,4.25008738878663
391.934679864201,2.0961349735762025,1816.9164541583693,5152.090821455611,4.512339804581233
198.57311976947443,7.50030057696973,676.9166174333698,6360.432313756799,3.8585995761125447
311.2323067638228,8.696572236660671,979.0521233703937,6957.804523860226,4.637060631516825
431.25067251899924,2.5590281008623688,490.75654574119943,6558.077244175052,4.640008317443147
474.78555151699226,1.4092882774415365,1298.9282822428956,4485.8690504975075,3.96889703736245
73.96320372405445,0.7245665674401958,1959.0131745908773,3780.6660688746015,4.116023949515425
463.3305187681664,6.598729254211027,1226.8115372845884,4957.570149626355,3.814535416145301
246.31208839322932,6.267393342843417,747.7374640214204,5966.565807344169,4.964841534984356
129.4930719553297,5.693625420783665,1313.2440196815303,4970.276283013191,4.468403865587618
229.83831024101153,2.7034974131017666,289.69532300750575,4932.723453254674,4.901815821073273
490.0262713550958,4.213606961102389,1782.8852065175274,6352.9216843272025,3.9550783154437
246.56273794943837,6.147525184268644,1031.013704020681,4445.615116268746,4.672836369495334
164.71142933861034,5.2192851591621094,926.2319969773021,6439.178699246582,4.648787965827113
316.88372673120455,9.88396244204143,1192.4363374843624,4627.219203806894,4.537483477799812
120.45273657970743,1.7961776492889647,1268.3285324393348,4312.9324227133575,4.9484584629002
38.39373239027763,7.103873263452141,189.9628221417004,4815.959644798796,4.090333004159473
64.87542109436929,4.341028296990775,1381.1035813856347,6049.787834699474,3.696075985384636
64.45889655940734,4.5678963417933405,521.7667766152827,3504.008111455977,4.507563288866091
76.37539540939103,7.317178773752675,1442.2076333878501,3785.6768634880696,4.5939647007158095
69.84417273838037,7.078143437581511,1653.9428490491837,6805.779302652368,4.362590860188222
320.6169350292057,9.91693194017079,1617.7190897274145,3701.9665095254295,3.8102268397000945
91.34910215737284,1.7197457498141897,1127.376886445384,5270.909271724218,4.256683912504033
173.16080802026968,1.4890416691495802,1064.3312900059648,5317.257866647751,3.968284604853694
448.4458107480529,7.381218762723041,328.6081246118529,4958.497848200979,4.141199792250034
237.24383931130475,5.994675711560887,1561.9249932861144,5578.980994307274,4.4678278637669955
333.9450903912531,3.1045263323181556,579.248291871093,3919.306903190474,4.617822114036252
86.5737756652141,1.2544840053953727,1018.5560744949958,5210.649071106993,3.8483370363520146
96.54836489493105,1.31375337116609,604.3344812086576,4488.693020987588,4.10798804097043
20.913873825106194,8.994813309309123,310.9653078494016,5646.669038516757,3.903742356487444
84.8830640045462,2.3227395848280574,1277.6375089388864,3564.894173492598,3.797947420792804
139.65587434646332,3.5720298400974473,155.94746790466246,5283.509667357905,4.675080829993758
88.91673689623504,2.653235821156386,1509.85820654609,3741.081421533295,4.863879041655489
44.80691561164928,3.8724649054034046,669.2942507591775,4114.572252460146,4.055348278526865
60.7576176147501,1.159526506087887,50.262651358746375,3874.839201294333,4.62691838656065
230.65899463234652,5.431068013628568,1046.7018215125981,3731.351119475268,4.845492934046616
103.56369234369336,1.1423193541260415,141.36122162882612,6302.8438062426685,4.769186315795348
182.45279559351368,8.103386824312434,588.530637750754,4142.830270643562,3.774220082808839
251.956926792001,2.720264778149114,1428.6041505386465,6708.495127457798,4.934437822270042
345.352216900368,5.63011318874285,172.24476216263844,6879.706101380763,4.065014660644193
20.13641385062892,8.860751331833853,1686.7100600942044,5285.041879748389,4.008860991760755
399.8054942550668,6.6833350059483445,57.44884918423706,3572.0044906629055,3.5936469909166706
314.13624455070845,5.563098972237685,531.3065449437094,4498.192973518325,4.229260481157325
41.338636458461515,3.581170654596068,1494.7629094965394,6190.929053392856,3.663520423461393
436.85252274133524,3.6635181740528804,666.7267919721482,4469.562914788282,3.872809731391139
460.4757640656407,6.860126074382806,248.69015672872638,3348.068873211155,3.975413932650922
31.008440947504443,9.944323931601092,752.4561416608343,5227.139643712751,4.713239485237526
138.80038524952826,6.787472303569097,577.2669084498248,6380.48340598414,4.813232975593845
403.1975392566341,5.798942465015236,1693.2882092130822,6183.705548574009,3.9536994761922046
374.2557153466374,7.441179847272838,661.0284392910291,3700.492560521413,4.788047181866861
92.66824916851047,4.919453316695322,1588.4183199632141,5691.058457649867,4.785846406054686
105.0699870066868,1.0713522547074597,1789.1506823809327,3882.0170537425884,4.646976425577311
185.5508153442953,5.841819750840143,895.9439681742326,3872.830138208689,3.7200426710227723
242.51923110291514,9.597440202801112,1824.3891305160644,6496.287093220741,4.535484270351093
309.3182583793828,2.1653779523977663,785.770205228226,3998.675810960921,4.917536096870853
184.7723629651013,7.055046462796325,1929.952912155711,4052.989386072045,4.523810718150735
231.53609070850737,2.4088700422610367,224.1145728248672,3002.613563045198,3.997425273661751
373.8617335978114,5.590363002494272,1389.6875696813233,6482.67613650207,4.250868976146247
18.823259843853652,1.4184262716438365,1012.9373788910109,6170.379252836539,4.4685875650265805
126.59225369983837,4.778523894452759,805.9151706385118,5509.315740362712,4.265855613092755
356.81811814933394,7.683551624504838,1283.7881635597719,6001.063055755369,3.679929412596455
447.65581542475604,3.8019294802703296,1422.5213286869457,3608.1942696979672,3.968096066978031
256.08288233677524,6.816661382628571,58.50837581810272,4833.2943783503015,4.703594045830449
266.29068589002514,8.056774627502428,375.5585230570375,4404.877549395123,4.792127069143277
54.03241966421814,9.3081892850548,1440.4397987369214,3375.106105028066,3.7059500490733552
223.9824772283156,2.729099777626809,1349.4515564775027,4944.521940859697,4.928580128598087
266.5423245942841,4.293501200188427,1933.7926350009207,6682.958601370541,3.993233926772914
121.61401656554746,1.9479521266389657,1534.0236909890268,3160.236476202778,4.4934706080960805
134.9869938592158,9.928593270504564,1904.0067800761092,4165.843653975176,4.6277377189350215
188.953439470759,9.306509195280805,1419.9539779928737,3830.163744822814,4.717919351956825
10.525563289974322,5.629592737665316,631.2018068469141,3952.586614662785,4.918624553338895
161.37854320879757,8.499316296576001,255.46159838917012,6633.738207517501,3.969379322043234
106.11827949477406,5.449100784084401,1574.5565335226245,4872.276216937161,4.787759681827332
164.08492741286835,6.424064036026217,1306.090981878036,4865.197651759276,3.6975303551543104
60.32118484371598,1.3466821051021578,143.96272416692764,6042.3025698211295,4.557561359530389
445.31837672957755,7.675068994719675,752.0984085069077,3617.9688160197034,4.612966594270979
296.9994305502473,1.7132780945347308,1915.759640194358,4949.061416400204,4.516584861801981
339.71160841267255,8.34764248739902,1025.7822341348924,4719.940856484239,3.8784721042027295
394.6910336843655,7.929266832868666,893.821815238424,5387.642762186624,4.809564720522805
249.4718783650641,7.233074628558276,942.5142300606233,6998.2308130017545,3.7532876950555925
43.916683899668136,0.8435236149852401,457.32131181006923,6077.795576328188,3.5804521872812463
268.7847176383646,3.379719381480622,768.9789831863507,4591.462812069709,4.576197485917868
293.6271384514291,2.999569414153007,771.1358491749944,6310.2122090961875,4.2132135728491
372.8470173550728,3.9212958709794314,152.09228936557116,3682.8334532499207,4.773647029938014
216.11394334172485,1.3326060942564661,1546.7568756099406,3121.8547452358407,4.075095711587388
64.2263612463841,9.401099318795097,862.183642212564,3817.793489857092,3.752417882761569
142.24606494646287,5.761121286767574,1653.2507792920253,4361.646224457038,4.754663288704805
181.85960705111822,3.4024809512512237,1708.178602183796,5042.32302983824,4.323364447460108
323.13566204513484,4.271324412205693,463.3884066623832,5460.516562164799,3.7837936885855323
285.6037631821215,4.748424134795939,1331.8392902317507,6642.422868857687,4.580575997879668
178.3703145859742,6.205646166925864,970.9495181178144,5039.416038201831,4.266670457734251
493.26436677209335,5.398954563116729,1766.305638946896,5005.102578502918,4.406469473360479
303.0845222687651,9.234223745536966,470.6943243940855,3200.9720392919285,4.191347507309873
118.99478247212924,5.221153087605387,1371.7357406045862,3139.646210624895,4.743063475727009
51.34034507389167,9.92550114082147,1235.116638392809,5204.639847665489,4.744344073524575
76.85314002257385,8.58853709857841,625.837881265074,4752.714452993378,4.5640832327365795
123.35588532806182,2.48084988639469,316.3717621197866,6356.7215799211945,3.6581020660946932
80.76034594314805,9.340654539117205,1320.6975329306892,3642.7183388473804,4.7582807928561035
93.69022851362723,1.605480779912023,1490.2650433580447,3099.8866484681985,4.506519470799365
142.90503676257663,8.26577223066632,665.4733203385325,4796.155071720504,4.5455362490064495
87.10011084973003,4.115921288027511,1307.4235778435118,3949.9142270090297,4.044474260605807
448.4343296008994,8.84075604422816,820.5052698424314,3198.45749335535,4.81891933423551
40.57675595799029,8.746538556020779,1440.7534224011044,5898.393147390516,4.5880574003522865
262.49343909034224,8.1562913011174,438.46978604340353,3446.37199982899,3.6688856997937918
205.49321508133593,8.005289144917082,1785.91925514054,5433.278000031087,4.111667051609244
491.1981191458489,3.3944518214313875,610.4487131078805,4124.199000667557,4.829570542940212
56.46343163294215,1.2687331889868956,767.1826761244981,3693.984201420088,3.5707950525460683
199.22887172334794,4.328311698269034,163.2793065566821,4519.00609167727,4.942124929463074
484.75048142104674,2.1484828923718324,267.448814026489,6205.783104891814,4.518743852479345
432.8208093840431,7.102035344573387,1055.9307102890398,4568.374307618291,4.447063966465064
408.6274994391653,3.7879474021089625,571.8057196195444,6003.078596844223,3.905838884731987
129.32246210894743,9.76829690816919,1679.1864401972791,3501.945187196603,3.8731876831087657
85.85834990133787,6.589234734780654,78.65210787715999,6091.085678660316,4.913087329232893
334.4872883522533,8.313565354526428,789.2333949102756,3947.7332996265945,3.947408681351184
464.7233065692291,1.75898439104756,707.8238161997307,5709.572519555491,4.663257945078499
278.60306506045794,8.689137581589915,87.68888028932201,5263.126219363985,4.089682697310619
286.020538390215,9.266193309877247,292.5183780509949,6716.578868846749,3.708881106177056
140.34955728331195,5.127088228779891,856.6032160913388,4549.290071901256,3.5160729465430385
384.8617201293725,6.259402908634286,1011.0859396725209,3264.6607553377617,4.316386005522876
93.92835240448292,7.765693108578457,838.3650071469948,3076.6219422050117,4.9636682278233994
162.17777858391972,2.160966958973919,1085.328472903583,6307.434243891013,4.053704290713807
213.0055010889002,5.274377726402703,1210.506766066079,5098.942550645728,4.035788500989567
254.05138415288528,4.287298763836974,69.35145119927948,6100.976207339797,4.016137426774163
121.58366134133257,1.8905529255413667,954.9855609343325,3937.7024000460588,4.2808157559572875
57.86099395723217,3.991577011769549,1928.8235197307972,4380.334982052935,4.1609973251364405
305.5047111995955,1.1476369391621888,1062.11294625262,3120.415488845276,4.819871940090522
144.67096134350777,0.7452131160201263,1371.2074215449586,6845.969298296448,4.2582811875852355
290.8284916005948,1.7840797469708163,658.1345229379223,5671.4716268032535,4.2616367572828535
77.60417627946406,9.649593560097152,1559.2831873978869,6732.820351037225,3.707557392080835
240.82948087648134,5.720530591002661,1557.1968896584244,4061.9856297162896,4.974109311365579
266.52842155951714,9.67531053095559,1066.527292925571,5445.854444902643,3.8749593363032444
26.385856642802242,4.608729844136254,1953.2269553944666,5713.999873170551,3.610046101189404
168.63383695786334,3.462253264309966,294.8229187871741,4270.198801030354,4.4947193734628135
67.64013113101764,5.3083476969823185,83.04794653468294,6392.43694006252,4.393049555235309
32.15579775114749,4.675361042012646,1551.8085129263372,6788.645851600992,4.122718480989119
494.98513607877766,1.503814500486567,1623.953297861521,6539.420470784017,4.133288350821017
161.51574556487412,6.587849989556959,284.40409678512367,5956.267903757491,4.677595881569647
405.0322857043901,2.5523627338411963,567.8865242692818,4109.858718899816,3.7935689601494738
127.69300705450004,6.386085571529381,84.22710856492637,4126.464168422527,4.730379978417335
340.91060975085264,6.676910377782457,621.9517910221011,6853.441281784151,4.473120670842527
380.2338160148984,1.944236104722157,1557.6266541414095,3041.137983742768,4.128454660669287
298.02155093361824,1.0828214575513475,1060.0230290395289,5864.199892968578,4.1870429248758025
236.0523061808041,7.917235067650179,728.7864066781618,5824.984650221049,3.884970810779144
206.21453661656062,4.868104025808542,774.8916250673441,5490.75816379919,4.628171499045463
174.75969913822615,1.05255605730202,52.6395701451629,6960.435384347464,4.269312113457902
464.799807551789,9.951230013112788,634.61102875221,4247.517743054901,3.9812818141247655
415.3943941899707,1.048915329465483,1310.5945461939646,4359.887455172993,4.394075173641426
482.53094187792306,7.102834674156255,1949.6791654418964,3315.7576117862222,4.993601678076985
62.58646313102959,9.84494979000243,1701.768612618604,4771.19254617495,4.152893419484831
365.5683038642203,2.7722109900512932,96.0101810587818,4044.1941049393927,4.881037101167929
469.2010581821084,1.8513690025283638,1802.1931791159368,4373.546808710576,4.017525259886849
91.02591654974725,1.6531569245130746,1577.2369059323205,6338.28716102251,3.582099060387479
33.71488554970536,3.381113901892158,1571.7334409634118,6741.938054109984,3.8063631595526433
370.6897643203845,1.4599352046011436,943.0917300569644,3742.9322880207424,4.128042714991526
287.449320033366,7.075532746094253,826.1103212612805,4490.035726213863,3.8294523928918536
420.9934739907569,1.0917720822355956,640.6856712247256,6714.522248461577,3.5003405573273834
70.31630212483161,5.339510217423002,178.10497496101326,3247.2338427568907,4.872502306621291
397.73602227401517,9.968620111603279,495.05895881271323,3369.442112445514,4.7658191168463935
101.2128463638484,8.23271756030718,530.8770882071481,3651.1639568249175,4.613438347230421
82.24614346141941,6.3445846631946035,993.9502859348931,5380.8513365075,3.751721893469043
82.55076606653097,3.409409397472811,1507.5165928635533,3601.88908402399,3.680545364314979
407.3800727555754,6.427010444770565,973.9291653759959,6872.305525802934,3.6014071242085746
332.76601173775197,5.50689390716069,162.79667642196318,4786.858109034081,4.586043783159382
261.7711796721751,4.547792146958529,1917.6901119269976,5006.071841400666,4.8932119410318275
179.7358268196895,1.741748579031895,1888.3124222335189,3986.634463221626,4.145803731369556
438.66167013614756,8.922740044784433,1581.1196091393963,4883.841009738934,3.6787110079940724
196.52633115760636,4.772954163802564,1983.08940805023,5647.654530548047,4.26858923109816
408.39142001605273,2.348913862297268,1111.7405489605128,6004.708547816172,4.023247861187945
219.8478868308241,3.9937138333342515,1927.3982829937518,6015.4723308396515,4.0622373865249966
188.78374249774134,4.434232649024807,197.429829202664,5311.564450776354,4.431995936233561
231.6085529419684,8.361610007885306,763.077459109674,6617.439099975429,4.578077169893303
151.03824814498896,7.46933661533332,489.4934726131934,6269.631389224438,3.665905398309741
373.93088539803745,7.808396489592728,431.8745140618266,6028.192458794501,3.5533853462097147
251.60883485119334,0.6047970120721485,324.56575034071835,3222.4220867218423,4.9914954540285725
116.49024122583525,4.453462982707734,1263.7066010536935,3027.5118488785974,3.8490925233733275
449.83749935064697,5.072769440535574,1573.577618707245,3849.7891087818916,3.5807457873626887
192.2536650759191,0.6823266298190385,1177.6818788697033,5654.094375653809,3.78481299364388
272.0046541264373,2.968225483077825,336.57728369700885,4644.789955530183,3.558436769522696
453.2828194267912,7.722753319660282,1631.6913513702682,4609.625037197247,4.087716341925757
312.30687895903907,1.802542204425491,1290.1116789692705,6538.347552918454,4.7036026766769865
58.89057133382785,5.585446248799621,806.9231269476413,6582.251392527354,4.011866674636581
469.94614574493085,2.5444177841637563,1364.5540762953228,6636.701056214342,4.1662751103175495
314.0401725091732,0.615147359116986,556.814709523524,4255.512306060109,4.513380160351158
167.78535452121451,2.7914138471956442,723.1248065637105,5764.223250957048,4.2633411051048204
70.06640029536193,9.77080067164551,1839.097394107381,4086.5327250974788,4.792168529031986
397.11558204051283,8.1146025628884,616.4837860592697,3762.4393322977994,4.799053512568635
310.2263415862925,9.615978121049817,966.4771229079763,3738.5298293894766,3.5148660432367302
266.9638154421726,5.134613417300443,1785.7752179222286,4368.430483454376,4.667069459724798
446.99934523395336,1.5424938874362832,1430.0566330216786,4719.830479119287,4.191100400362511
394.4043070066531,5.705615145250083,171.29629102117036,6323.796684220273,4.983260811955494
76.26160242650921,4.816584678319629,337.2409363439922,3479.5643738908484,4.224848113813152
156.20517286387633,8.521392286026352,65.29110200523779,5939.703389579577,4.980343918082446
124.62032533732564,1.4317845174503236,1280.2974909468687,5125.819656757221,4.631854041808605
372.10117314005214,5.1382908017068925,922.9631795503158,4151.7813707039695,3.8729073269199596
17.2494511505218,1.9254623145928504,311.8359592594373,4971.278338131298,4.307592468930436
285.1598975932226,3.5844213054555696,1917.9715360607024,4199.768279108091,4.988203459217874
381.34811352747494,7.504892235184097,1082.8364616939589,5384.327820953224,4.786295911627885
438.4444355624939,5.022172229003282,521.691923520134,4735.375691420977,3.6460503406868314
171.36983348359578,4.070938708884809,1026.1769637516798,3657.622116315515,4.559557995214994
410.7180236836704,4.247524646415336,1375.2596488334602,3466.332298222787,4.01836937880622
55.76055260912601,4.8647442998568735,198.66647504845074,5186.782728288521,3.510473392820522
423.30291972139185,7.957657166452041,585.6724393433893,6609.652133144414,4.1052214535405
64.18058683482522,8.974804544932226,1623.5827072237876,4375.830746230742,3.852131632587457
198.94500163490346,9.575679521787318,946.3464972851895,5932.000428890493,4.728303905780708
398.749035206887,7.975582169425303,1115.8254269629751,5634.645419759068,4.005995913268649
75.38375496071251,3.496365509606121,893.9912043084651,6726.2196572379235,4.7412855409307255
115.01107191870442,7.03727970782215,135.60488815385997,6283.924069196563,3.500896908252193
361.26515791233663,4.657229678526223,373.21207064930405,5266.421035621852,3.961728725039179
360.1582500047641,2.919370909437486,918.8061955466873,5628.121992936429,3.861747821461643
320.753242626206,8.488280004546265,457.91165754545926,6593.54586633614,3.8503510416029165
347.12724801131645,0.8650503151420874,147.45910588637355,4598.075138347739,3.602279929648194
271.5908594521243,9.066738925286524,1695.1168449010563,4307.17882343111,3.7806864056157528
126.2736299240229,4.884035913934975,1963.3254318700258,3043.2443345407855,4.33332435482843
173.17514875520777,6.553414029678664,1596.628604293642,6306.204296765856,3.9370416092566165
91.20805954231213,6.7638622609549355,1714.8805973241008,6203.922801613459,4.126092173493722
454.27105538614734,9.003618536712096,521.8554041182385,3417.8180724006056,4.065300320520783
291.90420148567716,6.54836198058847,1923.2226022507396,5307.4295245308,4.813857387499842
200.72528267343813,6.332369055220587,434.0051236841854,4855.926792667549,4.857948498515773
231.27189892024427,1.1331943853265547,1905.288130205573,3474.8363820364457,4.23943545748379
473.6680281361018,5.424876208479438,1989.8976232336045,6922.272908242894,3.9952339254734066
77.09902585648206,1.9266055077618958,1437.859471204795,3858.783549853422,3.6602010560035456
293.3218010923902,7.505620802854113,1963.2302769940527,3268.9367203622446,4.930104319073143
253.19139510279075,5.366108247720407,1160.6025701558522,5379.389518007638,3.590340417350446
305.9213905996066,6.9621639024793565,556.1064771933761,5955.466708532131,3.9464754163524205
9.546036818509833,0.8958925557226505,902.1419770479607,3129.773784188748,3.9470993017550065
436.1258925176037,1.3055241524351306,1207.4438239886326,5634.870554908089,3.9806019292103225
466.0930821005644,7.305072186595481,192.50904595267923,5129.167503805818,3.746430264908614
282.78402520280986,1.1848011919873969,1263.56936600363,3413.0600355001934,4.674742146385546
348.47708652650766,1.1769389137699566,1963.2967816864743,3690.0955077854483,3.683746792948984
461.2884408980592,0.6150305147314308,420.70991707826886,5271.897189264322,4.452359988729745
353.7656978395426,9.58676328384506,1595.5604767623474,4185.430454053154,3.685769040058726
76.69325193567354,7.506329414860566,1820.4026478702576,6753.262914605264,3.605803456389435
288.3560359033232,3.8558883807696094,1890.2181059994307,6274.960917936203,4.864144255528815
303.5541656682365,3.3170880222327246,1922.264428590622,6934.268826054652,3.7851931494780584
212.3532703155418,3.8221806825855706,1066.8462955068703,4038.683355801656,4.731875231839556
368.35389569454907,7.859208546221228,1955.7504205834323,6878.894531191909,4.316946306660704
467.21632387712293,6.7830208051689365,1526.7549039121557,4724.935479166232,3.6167847794131545
462.8214721969348,2.2593578947409454,365.2593006620757,4390.075181255019,4.933172287157101
225.694266016364,2.154038685673801,979.9552076125415,3201.398107877413,3.8704417504878386
57.06240389745725,1.4347586722772745,1450.7457919754077,3211.0610314384103,4.789468018028909
492.4281788816861,6.7728758371627125,532.3136158472125,5768.045023786619,3.7532150086768463
419.5295941797441,7.761540291106492,1299.1996079203304,4831.715977736112,4.780914323212779
62.76900926103179,3.0179410690875383,1349.8709341409076,3906.086504144423,3.519843219357941
460.46052036737746,0.6989771297936718,367.2645004267035,5455.881225300931,4.267670684854221
435.0132328500331,1.2806308410260598,1151.9163592828747,4011.4324730004446,4.6541638691323355
259.659609534473,9.694670331027789,1554.672476408285,5310.52701737769,4.902193276239175
295.84208015459217,3.3067253860354926,1022.8465458450868,4436.834987930762,4.863803204309731
199.80185058313006,7.807619904462269,73.60107771340948,6294.208906447277,4.7294373043214675
27.85343859160465,6.434303904115506,67.62501470461974,6282.784643067117,4.832287024491956
167.9310222021275,4.128426576702511,746.2072207415238,4909.401592489605,3.798829528755615
401.5252975747067,2.4540289908577737,1856.0784334419748,4403.276437340062,3.926276443567593
2.813695490799128,1.653170972514361,495.9197202270371,4450.239186236378,3.933452787381588
167.08283625972652,6.3426231963692326,1287.00919329979,6222.858102672872,4.065580896502548
199.38526244867617,7.859020916058986,483.0479478519751,4312.717931190448,4.089981005577783
268.9291036674925,6.617090408640742,677.2564798361199,3836.237494827384,4.316832986982013
459.96788039817386,5.537870265867004,1703.6820747228937,3338.7533675012273,3.739819645049662
173.49982418579765,0.8985366226005445,1471.2798124263963,4866.772483537634,4.536869995678984
173.80312434716572,9.700643387146647,236.02859076076072,4928.528395679367,3.7513498089567596
368.8818734308193,8.087784820718458,885.9689409235456,6363.634841611629,3.965462723156821
226.38286147445868,3.281809348659165,106.88103910826571,3884.954785784256,4.255017695909231
112.69010905852099,9.809718128909081,987.7357858758676,4523.9650946736,4.6946608422852165
226.49353830828036,6.21787510154506,1341.7463228170827,6233.622955574763,4.6092038498580905
70.85808167971003,6.033015252968841,281.08011601639555,6294.494442995894,4.468301534615783
88.60529975985854,7.606695204580555,613.325630872873,4538.444303915073,3.733659890870255
249.43470248337013,8.211812986856307,825.781419729206,4836.496093146723,4.320568018423367
209.75326202752169,6.736546769649276,1843.085498079297,4213.143563397131,3.631169752699828
457.46552758351595,1.7169095904789002,1986.8472800747797,6730.219513677248,4.0660447651949765
181.51575260875825,3.713541306947735,137.57703304145093,3474.575062966321,4.120274795434939
290.5038809638827,9.316794583097472,1533.9654508160145,6734.99769200588,3.5597171591686307
316.31601181580544,2.6338483125165935,774.8619294845693,5735.465807341373,3.910982149204958
7.0406810658726515,4.035586726456376,815.293463147486,5126.288610746925,4.9334742008997345
331.9369173223469,4.604730387969862,1520.8166980266942,3130.6362431379835,4.930448911744534
89.42896545144083,4.674347402097296,1840.931542683547,4902.384767288033,4.028490581378809
480.5546235759928,6.322926033697993,1904.3107592799695,4630.992420010929,3.564650163422486
74.75703251267993,9.459220458574721,1175.3890427747256,3644.87524790049,3.7686424089922723
207.60474980164835,2.7865807624087973,746.3862606359805,5625.6384140026275,4.088326690150311
43.132159205282605,1.6542630748587217,1585.7207174246196,6884.603629473143,4.9216695469538445
498.4386887970507,2.3759696536694044,539.4526973614854,5248.7552442581,3.7117985953057775
251.34640766045567,8.925786551988061,1149.9443562253596,5859.013105775783,4.645273765502319
297.89481615136185,6.6352027202244575,749.2279999735026,3273.801810264067,3.663023809062038
34.004700455519526,3.216114497772021,1330.4305937303584,4670.667983267979,4.971886366086915
375.1052549643893,8.251495920201865,518.7778801423385,3465.4339406579834,4.072424748663702
105.3478437512451,8.683014965452642,423.60624418291025,5451.1833421460415,4.662851808348584
449.0781175756365,8.541886217557641,1840.5662190171024,6753.928632856618,4.013886624216697
102.96725042076258,9.229802069575767,248.51718175159695,5647.110929886554,4.441503315738213
95.74851647150145,2.896289691646935,1036.6179200831166,3307.212193257686,3.788024127110055
18.756559090123393,7.672898323089644,480.66292677786737,4418.664819940332,3.7190315289454436
236.2974390824446,4.87512522410433,125.91342848505153,5202.653517763406,4.907096209352197
282.6381460646769,8.498986252455584,120.23669566828146,4612.8310245330085,4.8764709168566505
33.32146539446201,7.420661433035326,391.6824556063633,6334.576041900689,4.831203410319324
387.87604453915776,7.876250741747384,1740.2021912867006,6258.6840188399565,4.43815017524989
226.9177729566398,6.733537457970179,600.8335507552019,5447.324080412885,4.712402316824417
262.4329395291262,2.185573309962215,1903.3953826218267,4493.831780530822,3.603555405367062
220.66099209564496,5.677755729520914,1184.1634713289275,4021.3454950529767,4.002183562836018
200.68114890722532,9.854362525482827,901.3976700490939,3423.497272852517,3.9705546871357345
280.0403454884548,9.40518663172263,1181.1732276054365,4419.5907339462165,4.45346798292892
78.0425028423909,0.9101504900716109,1057.561851191222,4652.690068830878,4.033936660205961
91.37310118238793,2.0657407494296525,1529.613694826784,5703.291700416295,3.722760172465521
430.9619176962519,1.751423347818338,600.8673286470619,5632.639297190293,4.394700613120316
473.0846733357495,7.396809144860307,738.4482636205896,3280.4325585650276,4.721575881003622
186.9680034817366,8.268960633640978,1793.483889939839,4581.037261724631,4.07318524168996
135.7369642352051,2.5283579799513833,1895.5902006432907,3727.115468869448,3.6984030726477224
322.1777718478884,5.305600583042375,1790.4885435986253,3627.250821267223,3.7950322959692344
204.66271846349915,8.486678766106401,867.9235882167615,6309.208598948984,3.856224957754076
13.180484652342258,7.461614675279381,1571.7127308634192,3167.66086686503,3.949846389491804
78.49822238441209,5.651253452172559,978.8546799371427,4676.731503608486,4.464192605759464
358.12812830927504,6.1083030593583425,1020.2027116848993,3672.8146230660727,4.4014182268065785
329.6325089841206,5.32942519570466,449.12621266170373,6517.320862713896,4.544119792350559
14.034448255490004,3.3267102875287953,1202.704091354107,5228.162053100141,4.04375297679727
111.37509488550825,5.867708932160653,412.96500061902844,3925.5225455073924,4.735996477819968
115.92186089574166,7.0444103694758615,696.5511631810278,5009.709148665505,3.80613149173364
336.11042542756485,8.796567700677674,1717.3088931588736,5925.945438812463,4.203561121277231
10.345413608304895,6.544767862802857,453.7978279611677,6832.472035677735,4.701408082312145
52.502236701294635,7.730654601910001,188.758656088194,3881.784016981676,3.7702379715989287
400.0580846439081,2.0206805320684436,184.56480559499178,6544.72708851738,3.6647946706111743
89.68305869613964,4.884796006988004,1884.5298149810603,6737.216456669961,4.825525951531985
326.5466808720114,0.5886503883573864,1038.4948540255775,6665.682178128265,4.014394494138794
119.4722991328399,2.8434492129554187,848.3535400431857,5541.657427447639,4.525805187363548
50.17097568329291,7.401386293573546,1631.213232965441,5519.282617738831,3.538022906395908
121.96450940422731,9.922194537818953,1679.8605594255062,4612.842532735291,4.535070332614175
361.2723324619017,1.442191946078551,697.772514575429,6009.591529215151,3.9741519673204557
427.92038581908974,4.314196000682238,1402.5552120739007,5125.176073403727,3.5836112803811626
415.1948223512123,8.100674202642015,1553.6894909111788,5709.752284913178,4.414719142322175
198.89317304441818,2.4383385289745387,1326.5688393886112,4713.831615395182,3.8612057241097597
334.2085257170378,5.773307018371719,345.61039586019376,5925.985856172556,4.08021086307782
102.88965556020257,7.464177312281911,1757.9720128582612,6297.886070418196,3.6208712184297704
146.9272912653761,6.351861777471701,1101.234377835217,3585.7450264112645,3.720744876642418
448.2197413512993,2.286234978846453,600.8212314215072,6331.7188622969115,3.9469658532437655
6.9944607936126495,3.8761534025145243,879.1949616035031,5161.186127161229,3.6346392508402356
43.211511161806804,7.946021952611273,123.26362627786939,6378.663636360898,4.866239397029473
104.33918444544065,5.765151884254158,299.3402623837143,4725.206825364058,3.5090705647759677
13.752835834972947,0.5496813286576709,1542.8161635059287,4516.16194153214,4.225790328296467
91.12699982735376,7.729412220266892,50.02268777296398,6660.242930068889,3.6848711871988273
291.72925970436125,0.8354578719322712,862.3033655404697,4004.6770701936052,3.961518634216923
211.00156302095272,7.5844709359467055,1068.8948531168976,6376.849301144573,4.8890893397273985
446.38951968294896,2.4235653215697557,156.53711900189597,4936.082290037617,3.74254182991098
408.8130590883512,9.601698061134112,1947.502417796049,5056.381770205038,4.948748479577499
171.23776717308905,3.9954371373698025,490.94439593686025,4233.873125957936,3.8086915654841325
130.08200499893059,3.6058503552117513,643.1875032907477,5292.168802476062,4.612349162700244
190.15635787954983,1.9144364781582244,642.6878988973033,4300.844785104845,4.320015897345968
295.3523237861465,3.403240047157041,499.31249112883233,3157.077656966609,4.826718091395138
134.39778859102668,8.828182237367905,52.87395306830726,4087.9944213774243,4.330989883254697
312.26237947064243,9.96517620745885,1472.2223484715928,3025.5161736263626,4.301838828734463
205.0011202695246,3.998940539815059,1935.3487246086065,6913.419148227426,3.7931870005526
276.2475668355641,4.761800994068154,487.37229240583787,6862.98883927899,3.749344043077488
218.34520130309068,7.359673912926002,1342.9420240166737,4580.62118988922,4.874733726673272
147.58564689118788,8.918859914418208,1496.6978375694944,5913.483417358584,3.991757298275051
474.2524268275973,6.133921174774449,1704.4294892265232,4383.2243936417,4.058123382444344
381.9210941828005,4.219494132689379,874.1269341765378,5684.372628343905,4.639735487642582
70.48653129534304,4.419907488061925,640.715265998837,6221.7201721839165,4.008235223634211
434.29975396100747,7.108372391719665,684.3255113449106,6787.024978768963,4.928093669958504
243.97188352563205,0.5305735042406474,1439.6115995421,4600.849103398688,4.6068916534982005
447.32883733359864,6.386098705868487,1642.7199596859903,6133.191931824191,4.3961438638601305
400.02770034568397,3.8771835991928953,404.14723712537517,4063.713802528475,4.821342740817129
212.8941454823821,8.0448746471323,773.3349659076422,6961.329215174594,3.574408862524224
11.72341950589864,1.3834110783197555,1808.7833836608427,3103.0783950574046,3.8855940382838132
134.70434101278056,6.08792153600971,1623.0523634047415,5414.115226004484,4.197554501331365
271.04629022310303,5.069242453918176,1970.4738853868278,5638.023926605309,3.8404678092072815
316.92237080316056,6.60209249609966,1520.7841063800574,5752.182228296515,4.6158577809532275
129.31489887388454,1.1161091475881992,816.7306420044484,3481.550315156356,4.878812046580588
70.10835899937565,6.009845980567247,1201.7437762895436,6754.119133892522,4.135655179896385
417.5476532812499,5.834103585615475,1338.9777957822746,3724.733116200331,4.0131989001678425
492.2088892614243,5.826270896953623,202.9888418183917,5491.013612959365,4.942326098206349
263.08224606019155,6.233132832666321,1111.769070252537,3890.70431649234,4.167278649241311
86.25380328122759,6.926445403650441,1433.1756155215887,4228.865668085084,4.2335726006739245
136.5175095964248,8.147395496967313,376.27654280206775,5185.8341669124975,4.027474808512858
9.686142935459634,3.0632968412180364,1572.2318489798365,4668.773674258306,4.864322709518207
457.19225387696923,8.33796939671059,1188.3569220025176,3640.902403906025,4.353433224922776
59.3166659036255,5.23342898150281,1906.8324821103095,3683.745609683393,4.643261880772467
288.46997951936964,1.232053651776146,132.7234815034388,4672.5791526511985,4.71771007752633
137.3905827332594,1.0562338278178025,567.3859682331606,6029.131913102003,4.012773562875887
277.31191225663883,3.6752640276125774,1223.030064634657,6591.858587391154,4.15054149698057
325.8844839817562,7.956521282558942,628.2918288015649,3336.5106490375315,4.772707661609397
414.9560309517472,7.2229688800386995,1443.1271199389223,4572.415630237604,4.044883027513715
103.60742524442131,7.991842164387861,1530.0603009177655,3400.9822548915063,4.6909027001777766
5.992416414910998,5.414056036195289,249.9061299296252,3066.3699225303917,4.911488483861656
68.87437221936923,4.68189048057716,1052.016205203197,5646.874730575826,4.4348155596020105
450.0593116031285,1.9007990037096976,1042.336583402559,5409.797767866351,4.612440931177833
437.0080937424764,3.6178311592884596,770.097501920305,3652.0764552595447,4.707645968061702
298.907844534069,4.623183978651815,1869.2034820108606,3935.2513323722565,4.7675594733449635
300.45817178660985,1.3417040819563637,1663.6373237527814,3094.8310145780733,4.092580006785194
332.6858189358546,2.5958135507565068,1409.5582947237917,6339.788822777615,3.5768951887639973
88.09795367241307,6.183140293605518,1442.9369396832453,6898.762384194206,4.102814406855109
457.24876698951743,7.488799585272304,950.3464804355822,3541.8381471787634,4.510634344676134
209.67587718359053,9.984301358233022,1845.939316138323,3925.9008550611925,4.17552557867119
191.877694860624,9.364576647763798,1404.4610831439065,6473.638095787736,4.6234447262905976
259.69939378877734,6.604369395584319,1471.513070228842,6705.855191824739,4.0354736442029955
23.959500404139995,4.501856506293684,1730.2972623853232,4678.5095312272415,4.452116211656044
83.55854269366166,6.543684964728211,584.4395992172724,3202.4898890762965,3.7796297072809617
369.14779140497205,7.963690371762204,1623.788262540071,3157.5673347712777,4.624054154967435
41.857934628600674,1.6241938137721794,430.7191757651595,5295.799464276042,4.318543953219539
301.7744786784609,4.394096452114738,723.4168068775313,4571.580435572716,3.806096582819901
123.05188028581982,8.478121713538364,704.4403858261933,3114.609710310618,3.937866760246711
194.9531592139673,4.146413043363918,1958.1246633588241,5333.009569250227,4.622913062872748
144.7025215169646,5.932786576658272,1720.2475863084574,3045.21014635609,4.223901853492281
178.1585218742421,6.083808928190883,1417.2812301010065,6149.487832597091,3.8240471605896085
359.66342963953065,2.2525244047695736,1467.7606851500107,4225.731290813486,4.950906785555446
148.91229695377592,3.9412366956967397,1146.0419490850136,3161.0320120369283,4.572687529725332
283.41911782830016,3.677857243048355,1896.8268008616121,5353.408883932613,4.935702248809694
238.28717589845027,0.7488687310546156,1017.704568120605,4590.737657732219,4.140657568040515
332.00374709864275,0.7298217569678749,792.0095342462944,6895.201653428598,4.21265051103758
468.4464547927166,8.401121914919848,367.9189070166025,5176.794650014808,4.846932824277529
366.41976255652,3.094172694741718,1583.101021909063,4100.956724148033,4.287574010368077
107.862719106083,5.421748279268747,1482.1656675474032,5837.755458535899,4.560918367858501
16.075975963111695,3.337892949093344,799.492325122063,4085.9680101708454,3.878259316243295
131.50089012776263,9.436452828595735,99.12715722049725,6616.973165630261,4.170089703053961
297.7414263847773,2.9633192092248506,1686.044789050121,4498.887882029506,3.6851747987155328
26.18719383538305,4.581739721019884,72.26506773544358,5199.474251104821,3.8089700538154423
248.43494047701756,8.790937379603717,1422.2145702766493,3202.2924152969154,3.5014151229014465
298.62300303398615,8.498368884522183,1942.0013639658112,4704.484951808923,3.5588975774729903
167.45482346307193,2.2679634695396347,903.4395898889968,6329.45415864398,4.965925734765394
385.5706457710381,8.12511144305925,508.1981397421079,6222.595221453368,3.8635305427051434
53.74582744031902,4.85277542400998,1424.4984695845944,3897.274235414105,4.494966064256003
38.03132197703648,5.088204284810875,1643.399876930391,3904.3162840422506,4.7586495481994175
364.23028372369987,1.768059737951466,1115.5391163518022,6269.221248852948,4.325990688854846
247.99791244499613,1.2657143806926843,1935.7187867494852,6721.5936806773025,3.7297167501259345
344.35699701565414,7.4154234162507695,150.75400723302414,3381.443685092014,4.59217465600425
217.69625563257125,5.216380947375348,1034.3514166938298,4800.234557704901,4.400377115149374
123.57781560293385,4.6500816748442055,1450.9851972789727,4349.817115856916,4.596875884021062
409.64160767826274,7.430328172197769,1732.148918740899,6482.753821829758,4.6546199342856305
399.8082315450051,7.772372540415542,399.54844322019056,3334.0996587200752,4.9631155515271175
347.50088719178615,2.009627592858859,1610.0067894391786,3844.5037702321497,4.360344920040065
136.43649604636636,6.297138920037592,1127.7787976511634,6009.873350345977,4.012461669035902
295.320218101109,1.7858637816380125,823.2796798804283,3205.175395924862,4.472696835350355
180.80646152154338,7.638063317275934,306.8443057292325,4970.141522857157,3.6026610638639394
46.245245626653755,6.741073984537826,1737.3267298723792,4768.42813871888,4.8460959774823795
458.69813094339025,9.587838900292851,356.6827559504449,4337.604715954994,3.679071517007295
68.84090614402122,1.155101155386001,654.0863254577436,4578.289261275695,3.9917642568287275
475.1435582334908,1.042019850936916,615.5887873267519,5119.762347720932,4.723618070939182
223.2798835924989,3.1807772095854014,1749.2573666721657,3645.4694335535323,4.395968567496068
